,rouge-1,rouge-2,rouge-l
r,0.576448009886867,0.4545498948395569,0.5605622948319559
p,0.673266421994103,0.5525722048517735,0.6541161277402945
f,0.606757954672699,0.4818329204063275,0.5897502636012403
